<ui>
  <menubar name="MainMenu">
    <menu action="DebugMenu">
      <menuitem action="DebugChooseSeed"/>
      <menuitem action="DebugException"/>
      <separator/>
      <menuitem action="DebugCycle"/>
      <separator/>
      <menuitem action="DebugGameFirst"/>
      <menuitem action="DebugGamePrev"/>
      <menuitem action="DebugGameNext"/>
      <menuitem action="DebugGameLast"/>
    </menu>
  </menubar>
  <toolbar name="Toolbar">
    <toolitem action="DebugGameFirst"/>
    <toolitem action="DebugGamePrev"/>
    <toolitem action="DebugGameNext"/>
    <toolitem action="DebugGameLast"/>
  </toolbar>
</ui>
