<?xml version="1.0" encoding="utf-8" ?>
<!DOCTYPE refentry PUBLIC "-//OASIS//DTD DocBook XML V4.3//EN"
                   "http://www.oasis-open.org/docbook/xml/4.3/docbookx.dtd" [
]>
<sect1 id="Cover"><!--<sect1info>
	  <copyright>
	   <year>2001</year>
	   <holder>Rosanna Yuen</holder>
	  </copyright>
	  <author>
	   <firstname>Rosanna</firstname>
	   <surname>Yuen</surname>
	  </author>
	  <address><email>zana@webwynk.net</email></address>
	</sect1info>-->

	<title>Cover</title>

  <para>Written by Rosanna Yuen</para>

          <sect2><title>Setup</title>


  <informaltable>
    <tgroup cols="2">
      <tbody>
	<row>
	  <entry>Type of Deck</entry>
	  <entry>Standard Deck</entry>
	</row>
	<row>
	  <entry>Stock</entry>
	  <entry>
      Top left pile.  All remaining cards are placed here after
      dealing.
    </entry>
	</row>
	<row>
	  <entry>Tableau</entry>
    <entry>
      Four piles.  One card is dealt in each slot at the beginning
      of the game.  Empty slots are immediately filled from the
      Stock.
    </entry>
	</row>
      </tbody>
    </tgroup>
  </informaltable>

          </sect2>
        <sect2><title>Goal</title>

  <para>
    Empty the Stock.
  </para>

          </sect2>
        <sect2><title>Rules</title>

  <para>
    Any two cards in the Tableau can be removed if they belong to the
    same suit.  Spaces are immediately filled by cards in the
    Stock.  The game is over when each suit is represented by one
    card in the Tableau.
  </para>

          </sect2>
        <sect2><title>Scoring</title>

  <para>
    Each pair removed from the game scores two points.
  </para>
  <para>
    Maximum possible score:  48
  </para>

          </sect2>
        <sect2><title>Strategy</title>

  <para>
    A quick short game with not much thought involved, cover is best
    played with minimal thought and quick reflexes.
  </para>
        </sect2>
</sect1>
