<?xml version="1.0" encoding="utf-8" ?>
<!DOCTYPE refentry PUBLIC "-//OASIS//DTD DocBook XML V4.3//EN"
                   "http://www.oasis-open.org/docbook/xml/4.3/docbookx.dtd" [
]>
<sect1 id="Eliminator"><!--<sect1info>
	<copyright>
		<year>2010</year>
		<holder>Wa (logicplace.com)</holder>
	</copyright>
	<author>
		<firstname>Wa</firstname>
		<surname>*</surname>
	</author>
	<address>
		<email>admin@logicplace.com</email>
	</address>
	</sect1info>-->

	<title>Eliminator</title>

	<para>Written by Wa (logicplace.com)</para>

	<sect2>
		<title>Setup</title>
		<informaltable>
			<tgroup cols="2">
				<tbody>
					<row>
						<entry>Type of Deck</entry>
						<entry>Standard Deck</entry>
					</row>
					<row>
						<entry>Tableau</entry>
						<entry>
							Four piles. Deal 13 cards to each. (This is all of the cards.)
						</entry>
					</row>
					<row>
						<entry>Foundation</entry>
						<entry>
							Four to six empty slots that you build in either direction.
						</entry>
					</row>
				</tbody>
			</tgroup>
		</informaltable>
	</sect2>

	<sect2>
		<title>Goal</title>
		<para>
		Move all cards to Foundation.
		</para>
	</sect2>

	<sect2>
		<title>Rules</title>
		<para>
		Any card can be placed as the first card in the Foundation. 
		Foundation piles can be built up or down from the top card's 
		value, disregarding suit. Kings can be placed on Aces and 
		vice versa.
		</para>
	</sect2>

	<sect2>
		<title>Scoring</title>
		<para>
			Every card moved from the Tableau on top of a card in the 
			Foundation scores one point.
		</para>
		<para>
			Maximum possible score:  51
		</para>
	</sect2>

	<sect2>
		<title>Strategy</title>
		<para>
		Make sure to look at all the cards coming up, and be sure 
		you're not going to lock any cards that are necessary to 
		move the one on top.
		</para>
	</sect2>
</sect1>
