<?xml version="1.0" encoding="utf-8" ?>
<!DOCTYPE refentry PUBLIC "-//OASIS//DTD DocBook XML V4.3//EN"
                   "http://www.oasis-open.org/docbook/xml/4.3/docbookx.dtd" [
]>
<sect1 id="Golf"><!--<sect1info>
    <copyright>
      <year>2001</year>
      <holder>Rosanna Yuen</holder>
    </copyright>
    <author>
      <firstname>Rosanna</firstname>
      <surname>Yuen</surname>
    </author>
    <address>
      <email>zana@webwynk.net</email>
    </address>
  </sect1info>-->

  <title>Golf</title>

  <para>Written by Rosanna Yuen</para>

          <sect2><title>Setup</title>


  <informaltable>
    <tgroup cols="2">
      <tbody>
	<row>
	  <entry>Type of Deck</entry>
	  <entry>Standard Deck</entry>
	</row>
	<row>
	  <entry>Stock</entry>
	  <entry>
	    Place all remaining cards here.  Cards are turned over one
	    at a time to Waste.  No redeals.
	  </entry>
	</row>
	<row>
	  <entry>Waste</entry>
	  <entry>
	    To be taken from Stock.  Top card available for play.
	  </entry>
	</row>
	<row>
	  <entry>Tableau</entry>
	  <entry>
	    Seven piles.  Deal five cards face up on every pile.
	  </entry>
	</row>
      </tbody>
    </tgroup>
  </informaltable>

          </sect2>
        <sect2><title>Goal</title>

  <para>
    Move all cards to Waste.
  </para>

          </sect2>
        <sect2><title>Rules</title>

  <para>
    The Waste can be built up or down from the available cards on the
    Tableau.  Only Deuces can be placed on Aces and nothing can be
    played on to a King.
  </para>
  <para>
    Cards are dealt singly from Stock to Waste.  There are no redeals.
  </para>

          </sect2>
        <sect2><title>Scoring</title>

  <para>
    Every card moved from Tableau to Waste scores one point.
  </para>
  <para>
    Maximum possible score:  35
  </para>

          </sect2>
        <sect2><title>Strategy</title>

  <para>
    Remember that nothing can be played on to a King.  Try to generate
    sequences where many cards can be removed without a new card from
    Stock.
  </para>
        </sect2>
</sect1>
