<?xml version="1.0" encoding="utf-8" ?>
<!DOCTYPE refentry PUBLIC "-//OASIS//DTD DocBook XML V4.3//EN"
                   "http://www.oasis-open.org/docbook/xml/4.3/docbookx.dtd" [
]>
<sect1 id="Helsinki">  <!--<sect1info>
    <copyright>
      <year>2001</year>
      <holder>Rosanna Yuen</holder>
    </copyright>
    <author>
      <firstname>Rosanna</firstname>
      <surname>Yuen</surname></author>
    <address><email>zana@webwynk.net</email></address>
  </sect1info>-->

  <title>Helsinki</title>

  <para>Written by Rosanna Yuen</para>

          <sect2><title>Setup</title>


  <informaltable>
    <tgroup cols="2">
      <tbody>
	<row>
	  <entry>Type of Deck</entry>
	  <entry>Standard Deck</entry>
	</row>
	<row>
	  <entry>Stock</entry>
	  <entry>
	    Top left pile.  The rest of the deck is placed here after
	    dealing the Tableau.  Cards are automatically placed on to
	    the Tableau whenever a space opens up.
	  </entry>
	</row>
	<row>
	  <entry>Tableau</entry>
	  <entry>
	    Ten piles.  Deal a card face up in every pile.
	  </entry>
	</row>
      </tbody>
    </tgroup>
  </informaltable>

          </sect2>
        <sect2><title>Goal</title>

  <para>
    Remove all cards.
  </para>

          </sect2>
        <sect2><title>Rules</title>

  <para>
    Remove cards in pairs that add up to thirteen with Aces being one,
    Jacks being eleven, and Queens being twelve.  Kings are removed
    singly.
  </para>
  <para>
    Empty Tableau piles are automatically filled from the Stock.
  </para>

          </sect2>
        <sect2><title>Scoring</title>

  <para>
    Each card removed scores one point.
  </para>
  <para>
    Maximum possible score:  52
  </para>

          </sect2>
        <sect2><title>Strategy</title>

  <para>
    Go as fast as you can.
  </para>
        </sect2>
</sect1>
