<?xml version="1.0" encoding="utf-8" ?>
<!DOCTYPE refentry PUBLIC "-//OASIS//DTD DocBook XML V4.3//EN"
                   "http://www.oasis-open.org/docbook/xml/4.3/docbookx.dtd" [
]>
<sect1 id="Jamestown"><!--<sect1info>
		<copyright>
			<year>2001</year>
			<holder>Rosanna Yuen</holder>
		</copyright>
		<author>
			<firstname>Rosanna</firstname>
			<surname>Yuen</surname>
		</author>
		<address><email>zana@webwynk.net</email></address>
	</sect1info>-->

	<title>Jamestown</title>

  <para>Written by Rosanna Yuen</para>

          <sect2><title>Setup</title>


  <informaltable>
    <tgroup cols="2">
      <tbody>
	<row>
	  <entry>Type of Deck</entry>
	  <entry>Standard Deck</entry>
	</row>
	<row>
	  <entry>Stock</entry>
	  <entry>
	    Top left pile.  All cards are placed here at beginning of
	    play.
	  </entry>
	</row>
	<row>
	  <entry>Tableau</entry>
	  <entry>
	    Nine piles in a 3x3 formation.  Each Tableau pile is dealt
	    one card face up.
	  </entry>
	</row>
      </tbody>
    </tgroup>
  </informaltable>

          </sect2>
        <sect2><title>Goal</title>

  <para>
    Remove all cards.
  </para>

          </sect2>
        <sect2><title>Rules</title>

  <para>
    Remove pairs of cards with the same rank.  Empty piles are
    automatically filled from the Stock.
  </para>

          </sect2>
        <sect2><title>Scoring</title>

  <para>
    Removing each pair of cards scores two points.
  </para>
  <para>
    Maximum possible score:  52
  </para>

          </sect2>
        <sect2><title>Strategy</title>

  <para>
    Remove pairs of cards as fast as possible.  That is the only challenge.
  </para>
        </sect2>
</sect1>
