<?xml version="1.0" encoding="utf-8" ?>
<!DOCTYPE refentry PUBLIC "-//OASIS//DTD DocBook XML V4.3//EN"
                   "http://www.oasis-open.org/docbook/xml/4.3/docbookx.dtd" [
]>
<sect1 id="Napoleons_Tomb"><!--<sect1info>
		<copyright>
			<year>2007</year>
			<holder>Kimmo Karlsson</holder>
		</copyright>
		<author>
			<firstname>Kimmo</firstname>
			<surname>Karlsson</surname>
		</author>
		<address><email>kimmo.karlsson@gmail.com</email></address>
	</sect1info>-->

	<title>Napoleon's Tomb</title>

  <para>Written by Kimmo Karlsson</para>

          <sect2><title>Setup</title>


  <informaltable>
    <tgroup cols="2">
      <tbody>
	<row>
		<entry>Type of Deck</entry>
		<entry>Standard Deck</entry>
	</row>
	<row>
		<entry>Stock</entry>
		<entry>
			Top left pile.
		</entry>
	</row>
	<row>
		<entry>Waste</entry>
		<entry>
			Next to Stock. 
		</entry>
	</row>
	<row>
		<entry>Tableau</entry>
		<entry>
			Three by three grid, all face up.
		</entry>
	</row>
	<row>
		<entry>Foundations</entry>
		<entry>
		Center pile of the grid is to be built down, 
		corners to be built up.  Suit doesn't count.
		</entry>
	</row>
	<row>
		<entry>Reserves</entry>
		<entry>
		Four piles on the grid that are not foundations.
		Each reserve can hold only one card at a time.
		</entry>
	</row>
      </tbody>
    </tgroup>
  </informaltable>

          </sect2>
        <sect2><title>Goal</title>

  <para>
  Move all cards of 6 or smaller to the center pile, 7 or greater to corner piles.
  </para>

          </sect2>
        <sect2><title>Rules</title>

  <para>
    Click on the stock to flip over cards.  Move one card at the time to the tableau.  Once placed on a foundation pile, a card cannot be moved.  Each corner pile is built up from 7 to king.  Center pile is built down from 6 to ace.  After ace comes another 6, etc.  Suit doesn't count.
  </para>

          </sect2>
        <sect2><title>Options</title>

  <para>
  Deal Three Cards: If you deal three cards at a time from the stock, you get to go through the deck three times. 
  </para>
  <para>
  Autoplay: If autoplay is activated, cards are automatically placed to foundation piles as soon as possible.
  </para>

          </sect2>
        <sect2><title>Scoring</title>

  <para>
      Each card in the Foundation piles scores one point.
  </para>

  <para>
      Maximum possible score: 52
  </para>

          </sect2>
        <sect2><title>Strategy</title>

  <para>
  Try to keep reserve. It's not easy to get Napoleon to his tomb, but keep trying.
  </para>
        </sect2>
</sect1>
