<?xml version="1.0" encoding="utf-8" ?>
<!DOCTYPE refentry PUBLIC "-//OASIS//DTD DocBook XML V4.3//EN"
                   "http://www.oasis-open.org/docbook/xml/4.3/docbookx.dtd" [
]>
<sect1 id="Peek"><!--<sect1info>
		<copyright>
			<year>2001</year>
			<holder>Rosanna Yuen</holder>
		</copyright>
		<author>
			<firstname>Rosanna</firstname>
			<surname>Yuen</surname>
		</author>
		<address><email>zana@webwynk.net</email></address>
	</sect1info>-->

	<title>Peek</title>

	<para>Written by Rosanna Yuen</para>

	        <sect2><title>Setup</title>


	<informaltable>
		<tgroup cols="2">
			<tbody>
	<row>
		<entry>Type of Deck</entry>
		<entry>Standard Deck</entry>
	</row>
	<row>
		<entry>Reserves</entry>
		<entry>
			Four spread piles on left.  Deal four cards face up in each Reserve
			pile.  No building allowed.
		</entry>
	</row>
	<row>
		<entry>Foundation</entry>
		<entry>
			Four piles on right.  Deal one card on to first Foundation.
		</entry>
	</row>
	<row>
		<entry>Stock</entry>
		<entry>
			Place all remaining cards here.  Cards are turned over one at a
			time to Waste.  Two redeals.
		</entry>
	</row>
	<row>
		<entry>Waste</entry>
		<entry>
			To be taken from Stock.  Top card available for play.
		</entry>
	</row>
			</tbody>
		</tgroup>
	</informaltable>

	        </sect2>
        <sect2><title>Goal</title>

	<para>
		Move all cards to the Foundation piles.
	</para>

	        </sect2>
        <sect2><title>Rules</title>

	<para>
		Any card of the suit in the first Foundation can be played on to this
		Foundation pile at any time. Each ensuing Foundation can only be
		started with a card of the same rank as this first card.  Once
		started, these latter foundations can be built on in suit as long as a
		card of the same rank already exists in the Foundation directly above
		it.  Play cards from Reserves whenever possible following these rules.
	</para>
	<para>
		Cards are flipped from the Stock to the Waste individually.  Top card in
		Waste is in play.  When Stock is empty, move all cards in Waste back to
		the Stock, maintaining order.  You can go through the deck three times.
	</para>

	        </sect2>
        <sect2><title>Options</title>

 	<para>Three card deals: Deal three cards at a time from Stock to Waste and enable unlimited redeals.</para>

	        </sect2>
        <sect2><title>Scoring</title>

	<para>
		One point for every card placed on Foundation.
	</para>
	<para>
		Maximum possible score: 52
	</para>

	        </sect2>
        <sect2><title>Strategy</title>

	<para>
		The Reserves are open for you to see.  Choose your suit order wisely.
	</para>
        </sect2>
</sect1>
