<?xml version="1.0" encoding="utf-8" ?>
<!DOCTYPE refentry PUBLIC "-//OASIS//DTD DocBook XML V4.3//EN"
                   "http://www.oasis-open.org/docbook/xml/4.3/docbookx.dtd" [
]>
<sect1 id="Spiderette"><!--<sect1info>
    <copyright>
      <year>2001</year>
      <holder>Rosanna Yuen</holder>
    </copyright>
    <author>
      <firstname>Rosanna</firstname>
      <surname>Yuen</surname>
    </author>
    <address><email>zana@webwynk.net</email></address>
  </sect1info>-->

  <title>Spiderette</title>

  <para>Written by Rosanna Yuen</para>

          <sect2><title>Setup</title>


  <informaltable>
    <tgroup cols="2">
      <tbody>
	<row>
	  <entry>Type of Deck</entry>
	  <entry>Standard Deck</entry>
	</row>
	<row>
	  <entry>Stock</entry>
	  <entry>
	    Top left pile.  Deals a card to each Tableau pile when
	    clicked.
	  </entry>
	</row>
	<row>
	  <entry>Foundation</entry>
	  <entry>
	    Four piles top right.
	  </entry>
	</row>
	<row>
	  <entry>Tableau</entry>
	  <entry>
	    Seven piles on the bottom.  Deal one card face down on all
	    seven piles, then one on the last six piles, followed by one
	    on the last five piles.  Continue in this manner until you
	    have seven cards in the last pile.  Flip up the top card on
	    every pile.
	  </entry>
	</row>
      </tbody>
    </tgroup>
  </informaltable>

          </sect2>
        <sect2><title>Goal</title>

  <para>
    Create four piles of thirteen cards each built down in suit and sequence.
  </para>

          </sect2>
        <sect2><title>Rules</title>

  <para>
    Cards in Tableau can be built down regardless of suit.  Builds of
    cards in sequence and in the same suit can by moved as a unit.
    Empty Tableau piles can be filled with any card or build of cards.
  </para>
  <para>
    Each Tableau pile must be filled before any deal.  Clicking on the
    Stock will deal a card on to every Tableau pile except for the last
    deal which places one card on each of the first three piles.
  </para>
  <para>
    A build of all thirteen cards in a suit may be moved on to a
    Foundation pile.  Cards in the Foundation are no longer in play.
  </para>

          </sect2>
        <sect2><title>Scoring</title>

  <para>
    Every pair of cards in suit and sequence scores one point.
  </para>
  <para>
    Maximum possible score: 48
  </para>

          </sect2>
        <sect2><title>Strategy</title>

  <para>
    Try to keep a Tableau pile empty whenever possible to create a swap
    space for moving around cards.
  </para>
        </sect2>
</sect1>
