<?xml version="1.0" encoding="utf-8" ?>
<!DOCTYPE refentry PUBLIC "-//OASIS//DTD DocBook XML V4.3//EN"
                   "http://www.oasis-open.org/docbook/xml/4.3/docbookx.dtd" [
]>
<sect1 id="Straight_Up"><!--<sect1info>
		<copyright>
			<year>1999</year>
			<holder>Rosanna Yuen</holder>
		</copyright>
		<author>
			<firstname>Rosanna</firstname>
			<surname>Yuen</surname>
		</author>
		<address><email>rwsy@mit.edu</email></address>
	</sect1info>-->

	<title>Straight Up</title>

	<para>Written by Rosanna Yuen</para>

	        <sect2><title>Setup</title>


	<informaltable>
		<tgroup cols="2">
			<tbody>
	<row>
		<entry>Type of Deck</entry>
		<entry>Standard Deck</entry>
	</row>
	<row>
		<entry>Stock</entry>
		<entry>
			Top left pile. The rest of the deck is placed here after
			dealing the Tableau. Cards are turned over one at a time to Waste.
			Two	redeals.
		</entry>
	</row>
	<row>
		<entry>Waste</entry>
		<entry>
			To be taken from Stock.  Top card available for play.
		</entry>
	</row>
	<row>
		<entry>Foundation</entry>
		<entry>
			Four piles on top right.  Deal one two on each Foundation pile to
			start.  To be built up in suit to Ace.
		</entry>
	</row>
	<row>
		<entry>Reserve</entry>
		<entry>
			Pile under Stock.  Deal thirteen cards here to begin.  Top card available
			for play on to Tableau or Foundation piles.
		</entry>
	</row>
	<row>
		<entry>Tableau</entry>
		<entry>
			Four piles bottom right.  Deal one card on each pile to start.  Piles
			can be built in suit.  Spaces are automatically filled from Reserve.
			Once Reserve is empty, Tableau spaces can be filled from the Waste at
			your leisure.
		</entry>
	</row>
			</tbody>
		</tgroup>
	</informaltable>

	        </sect2>
        <sect2><title>Goal</title>

	<para>
		Move all cards on to Foundation piles.
	</para>

	        </sect2>
        <sect2><title>Rules</title>

	<para>
		Cards in the Tableau are built down in suit.  Groups of cards
		can be moved.  An empty slot in the Tableau is filled automatically from
		the Reserve.  If the Reserve is empty, an empty slot can be filled by the
		top card of the Waste at your leisure.
	</para>
	<para>
		Cards can be flipped singly from the Stock to the Waste.  Top
		card is available for play.  There are two redeals
	</para>
	<para>
		Foundations are built up in suit from twos to aces.  Cards in
		Foundations are no longer in play.  Double clicking on a card will move
		it to the appropriate Foundation pile if such a move is possible.
	</para>

	        </sect2>
        <sect2><title>Scoring</title>

	<para>
		Each card moved to Foundation piles scores one point.
	</para>
	<para>
		Maximum possible score:  48
	</para>

	        </sect2>
        <sect2><title>Strategy</title>

	<para>
		No point lagging behind!  Move cards to Foundation piles whenever
		possible.
	</para>
        </sect2>
</sect1>
