<?xml version="1.0" encoding="utf-8" ?>
<!DOCTYPE refentry PUBLIC "-//OASIS//DTD DocBook XML V4.3//EN"
                   "http://www.oasis-open.org/docbook/xml/4.3/docbookx.dtd" [
]>
<sect1 id="Westhaven"><!--<sect1info>
		<copyright>
			<year>1999</year>
			<holder>Rosanna Yuen</holder>
		</copyright>
		<author>
			<firstname>Rosanna</firstname>
			<surname>Yuen</surname>
		</author>
		<address><email>rwsy@mit.edu</email></address></sect1info>-->

	<title>Westhaven</title>

	<para>Written by Rosanna Yuen</para>

	        <sect2><title>Setup</title>


	<informaltable>
		<tgroup cols="2">
			<tbody>
	<row>
		<entry>Type of Deck</entry>
		<entry>Standard Deck</entry>
	</row>
	<row>
		<entry>Stock</entry>
		<entry>
			Top left pile.  The rest of the deck is placed here after
			dealing the Tableau.  Cards are turned over one at a time to Waste.  No
			redeals.
		</entry>
	</row>
	<row>
		<entry>Waste</entry>
		<entry>
			To be taken from Stock.  Top card available for play.
		</entry>
	</row>
	<row>
		<entry>Foundation</entry>
		<entry>
			Four piles on top row.  To be built up in suit from Ace to King.
		</entry>
	</row>
	<row>
		<entry>Tableau</entry>
		<entry>
			Ten piles of three cards each, with the last row of cards face up.
		</entry>
	</row>
			</tbody>
		</tgroup>
	</informaltable>

	        </sect2>
        <sect2><title>Goal</title>

	<para>
		Move all cards to Foundation piles.
	</para>

	        </sect2>
        <sect2><title>Rules</title>

	<para>
		Cards in Tableau are built down by alternate color.  The top card or the
		complete face up portion of each pile is available for play.  Empty
		piles can be filled with any available card or group of cards.
	</para>
	<para>
		Foundation piles are to be built up in suit from Ace to King.  Cards in
		Foundation are no longer in play.
	</para>
	<para>
		Cards are flipped singly from Stock to Waste.  Top card of Waste pile is
		always available for play.  There are no redeals.
	</para>

	        </sect2>
        <sect2><title>Scoring</title>

	<para>
		Each card moved to Foundation scores one point.
	</para>
	<para>
		Maximum possible score:  52
	</para>

	        </sect2>
        <sect2><title>Strategy</title>

	<para>
		Caution is for those who actually have money at stake.  Live
		dangerously.  Make any moves you can, as chance is on your side.
	</para>
        </sect2>
</sect1>
