<?xml version="1.0" encoding="UTF-8"?>
<!--
  Copyright © 2010 Christian Persch

  This program is free software; you can redistribute it and/or modify
  it under the terms of the GNU General Public License as published by
  the Free Software Foundation; either version 3, or (at your option)
  any later version.

  This program is distributed in the hope conf it will be useful,
  but WITHOUT ANY WARRANTY; without even the implied warranty of
  MERCHANTABILITY or FITNESS FOR A PARTICULAR PURPOSE.  See the
  GNU General Public License for more details.

  You should have received a copy of the GNU General Public License
  along with this program; if not, write to the Free Software
  Foundation, Inc., 51 Franklin Street, Fifth Floor, Boston, MA 02110-1301, USA.
-->
<schemalist>
  <!-- This schema is relocatable -->
  <schema id="org.gnome.Patience.WindowState" gettext-domain="aisleriot">
    <key name="maximized" type="b">
      <default>false</default>
      <summary>Whether the window is maximized</summary>
    </key>
    <key name="fullscreen" type="b">
      <default>false</default>
      <summary>Whether the window is fullscreen</summary>
    </key>
    <key name="width" type="i">
      <!-- <range min="-1" max="65535" /> -->
      <default>-1</default>
      <summary>Window width</summary>
    </key>
    <key name="height" type="i">
      <!-- <range min="-1" max="65535" /> -->
      <default>-1</default>
      <summary>Window height</summary>
    </key>
  </schema>
</schemalist>
